{
  "MiniGrid-DoorKey-8x8-v0": {
    "random": 0.06857421875,
    "strong": 0.06857421875
  },
  "MiniGrid-KeyCorridorS3R3-v0": {
    "random": 0.0,
    "strong": 0.0
  },
  "deep-sea-treasure-concave-v0": {
    "random": 99.0,
    "strong": 99.0
  },
  "minecart-v0": {
    "random": 742.4592582678622,
    "strong": 742.4592582678622
  }
}
