{
  "MiniGrid-DoorKey-8x8-v0": {
    "random": 0.1371484375,
    "strong": 0.1371484375,
    "strong_local": 0.1371484375,
    "per_baseline": {
      "random": {
        "threshold": 0.1371484375,
        "mean": 0.04571614583333333,
        "std": 0.06465239345692626,
        "min": 0.0,
        "max": 0.1371484375,
        "scores": [
          0.1371484375,
          0.0,
          0.0
        ]
      },
      "tabular_q": {
        "threshold": 0.0,
        "mean": 0.0,
        "std": 0.0,
        "min": 0.0,
        "max": 0.0,
        "scores": [
          0.0,
          0.0,
          0.0
        ]
      },
      "count_bonus_q": {
        "threshold": 0.0,
        "mean": 0.0,
        "std": 0.0,
        "min": 0.0,
        "max": 0.0,
        "scores": [
          0.0,
          0.0,
          0.0
        ]
      }
    },
    "seeds": [
      0,
      1,
      2
    ],
    "episodes": 4,
    "train_budget_s": 5
  },
  "MiniGrid-KeyCorridorS3R3-v0": {
    "random": 0.0,
    "strong": 0.0,
    "strong_local": 0.0,
    "per_baseline": {
      "random": {
        "threshold": 0.0,
        "mean": 0.0,
        "std": 0.0,
        "min": 0.0,
        "max": 0.0,
        "scores": [
          0.0,
          0.0,
          0.0
        ]
      },
      "tabular_q": {
        "threshold": 0.0,
        "mean": 0.0,
        "std": 0.0,
        "min": 0.0,
        "max": 0.0,
        "scores": [
          0.0,
          0.0,
          0.0
        ]
      },
      "count_bonus_q": {
        "threshold": 0.0,
        "mean": 0.0,
        "std": 0.0,
        "min": 0.0,
        "max": 0.0,
        "scores": [
          0.0,
          0.0,
          0.0
        ]
      }
    },
    "seeds": [
      0,
      1,
      2
    ],
    "episodes": 4,
    "train_budget_s": 5
  },
  "deep-sea-treasure-concave-v0": {
    "random": 194.0,
    "strong": 285.0,
    "strong_local": 285.0,
    "per_baseline": {
      "random": {
        "threshold": 194.0,
        "mean": 130.66666666666666,
        "std": 44.78342947514801,
        "min": 99.0,
        "max": 194.0,
        "scores": [
          99.0,
          99.0,
          194.0
        ]
      },
      "scalarized_q_sweep": {
        "threshold": 285.0,
        "mean": 254.66666666666666,
        "std": 42.897811391983886,
        "min": 194.0,
        "max": 285.0,
        "scores": [
          285.0,
          285.0,
          194.0
        ]
      }
    },
    "seeds": [
      0,
      1,
      2
    ],
    "episodes": 4,
    "train_budget_s": 5
  },
  "resource-gathering-v0": {
    "random": 1.3310000000000004,
    "strong": 1.3310000000000004,
    "strong_local": 1.3310000000000004,
    "per_baseline": {
      "random": {
        "threshold": 1.3310000000000004,
        "mean": 0.4510000000000001,
        "std": 0.6222539674441621,
        "min": 0.011000000000000003,
        "max": 1.3310000000000004,
        "scores": [
          0.011000000000000003,
          1.3310000000000004,
          0.011000000000000003
        ]
      },
      "scalarized_q_sweep": {
        "threshold": 1.3310000000000004,
        "mean": 0.5243333333333334,
        "std": 0.5703994701571485,
        "min": 0.12100000000000002,
        "max": 1.3310000000000004,
        "scores": [
          0.12100000000000002,
          0.12100000000000002,
          1.3310000000000004
        ]
      }
    },
    "seeds": [
      0,
      1,
      2
    ],
    "episodes": 4,
    "train_budget_s": 5
  },
  "Craftax-Symbolic-v1": {
    "random": 0.4867256577827234,
    "strong": 0.4867256577827234,
    "strong_local": 0.4867256577827234,
    "per_baseline": {
      "random": {
        "threshold": 0.4867256577827234,
        "mean": 0.3761061884814483,
        "std": 0.09032041858068726,
        "min": 0.2654867189054468,
        "max": 0.4867256577827234,
        "scores": [
          0.4867256577827234,
          0.2654867189054468,
          0.37610618875617474
        ]
      },
      "tabular_q": {
        "threshold": -0.39823009442966595,
        "mean": -0.39823009442966595,
        "std": 0.0,
        "min": -0.39823009442966595,
        "max": -0.39823009442966595,
        "scores": [
          -0.39823009442966595,
          -0.39823009442966595,
          -0.39823009442966595
        ]
      },
      "count_bonus_q": {
        "threshold": -0.39823009442966595,
        "mean": -0.39823009442966595,
        "std": 0.0,
        "min": -0.39823009442966595,
        "max": -0.39823009442966595,
        "scores": [
          -0.39823009442966595,
          -0.39823009442966595,
          -0.39823009442966595
        ]
      }
    },
    "seeds": [
      0,
      1,
      2
    ],
    "episodes": 4,
    "train_budget_s": 5,
    "reported_sota": {
      "metric": "reward_percent_of_max_226",
      "source": "https://github.com/michaeltmatthews/craftax",
      "verified_baselines_1b": {
        "PPO-RNN": 15.3,
        "RND": 12.0,
        "PPO": 11.9,
        "ICM": 11.9,
        "E3B": 11.0
      },
      "reported_unverified_1b": {
        "PPO-GTrXL": 18.3,
        "PQN-RNN": 16.0
      },
      "verified_baselines_1m": {
        "PPO-RNN": 2.3,
        "RND": 2.2,
        "PPO": 2.2,
        "ICM": 2.2,
        "E3B": 2.2
      },
      "note": "Craftax scoreboard reports reward as percent of max return 226; external entries are reported but not verified upstream."
    }
  }
}
