{
  "MiniGrid-DoorKey-8x8-v0": {
    "random": 0.0274296875,
    "strong": 0.0,
    "per_baseline": {
      "eps_greedy_q": 0.0,
      "count_bonus": 0.0
    }
  },
  "MiniGrid-KeyCorridorS3R3-v0": {
    "random": 0.0,
    "strong": 0.0,
    "per_baseline": {
      "eps_greedy_q": 0.0,
      "count_bonus": 0.0
    }
  },
  "deep-sea-treasure-concave-v0": {
    "random": 646.0,
    "strong": 10044.0,
    "per_baseline": {
      "eps_greedy_q": 10044.0,
      "count_bonus": 99.0
    }
  },
  "minecart-v0": {
    "random": 198.9599999934435,
    "strong": 180.00000044703484,
    "per_baseline": {
      "eps_greedy_q": 180.00000044703484,
      "count_bonus": 180.00000044703484
    }
  },
  "mo-reacher-v4": {
    "random": 355635.40502063575,
    "strong": 198671.56023835155,
    "per_baseline": {
      "eps_greedy_q": 198671.56023835155,
      "count_bonus": 90665.23928359267
    }
  }
}
