{
  "built_at": "2026-05-16T09:46:10.093849Z",
  "envs": {
    "ALE/MontezumaRevenge-v5": {
      "episodes": 100,
      "max": 0.0,
      "mean": 0.0,
      "min": 0.0,
      "std": 0.0
    },
    "CartPole-v1": {
      "episodes": 100,
      "max": 74.0,
      "mean": 22.71,
      "min": 9.0,
      "std": 11.140330771434469
    },
    "Pendulum-v1": {
      "episodes": 100,
      "max": -763.1811912281788,
      "mean": -1199.0318542771797,
      "min": -1827.74205247134,
      "std": 297.9290662267596
    },
    "humanoid.run": {
      "episodes": 100,
      "max": 1.9143300506910936,
      "mean": 0.8713638578716575,
      "min": 0.060114666826397545,
      "std": 0.5306451511351215
    },
    "minecart-v0": {
      "channels": 3,
      "episodes": 100,
      "max": [
        1.4392472505569458,
        1.4675524234771729,
        -0.4000000059604645
      ],
      "mean": [
        0.3649735996220261,
        0.3346221285779029,
        -10.576400045491756
      ],
      "min": [
        0.0,
        0.0,
        -52.82000023126602
      ],
      "scalarized_equal_weight_mean": -9.876804317291827,
      "std": [
        0.45760252237448545,
        0.43731535171453934,
        9.823494602727608
      ]
    }
  },
  "episodes_per_env": 100,
  "policy": "uniform-random",
  "seed": 0
}
